business_name,city,email,phone,demo_link
"365 SMOKE VAPE SHOP STUEBNER | OPEN 24 HOURS | SMOKE SHOP | E-JUICES | VAPE DISPOSABLES | HOOKAH | CIGARS | HEMP | GLASS PIPE",Spring,,(832) 843-3703,file://C:\Users\roryu\Build Google Maps Lead Scraper\demo\output\365_smoke_vape_shop_stuebner___open_24_hours___smoke_shop___e_juices___vape_disposables___hookah___cigars___hemp___glass_pipe\index.html
"SMOKE SHACK SMOKE,VAPE & HOOKAH SHOP",Spring,,(281) 257-9927,file://C:\Users\roryu\Build Google Maps Lead Scraper\demo\output\smoke_shack_smoke_vape___hookah_shop\index.html
"Bahama Mama Smoke Shop| Vape Shop | Kratom | Disposables | Tobacco | Hookah | Shisha | Delta | EJuice |",Spring,,(832) 534-1743,file://C:\Users\roryu\Build Google Maps Lead Scraper\demo\output\bahama_mama_smoke_shop__vape_shop___kratom___disposables___tobacco___hookah___shisha___delta___ejuice__\index.html
Elevate smoke shop,Houston,,(281) 919-1431,file://C:\Users\roryu\Build Google Maps Lead Scraper\demo\output\elevate_smoke_shop\index.html
Willowbrook Smoke Shop VAPE HOOKAH &CIGAR &CBD & Legal THC & Hydroxy & Delta-9 & Kratom & THC-A & MORE,Houston,,(281) 836-6008,file://C:\Users\roryu\Build Google Maps Lead Scraper\demo\output\willowbrook_smoke_shop_vape_hookah__cigar__cbd___legal_thc___hydroxy___delta_9___kratom___thc_a___more\index.html
"EAGLE SMOKE SHOP & TOBACCO | OPEN 24 HOURS",Houston,,(470) 494-3608,file://C:\Users\roryu\Build Google Maps Lead Scraper\demo\output\eagle_smoke_shop___tobacco___open_24_hours\index.html
SMOKERS SPOT Smoke shop & Vape shop,Spring,,(832) 559-8195,file://C:\Users\roryu\Build Google Maps Lead Scraper\demo\output\smokers_spot_smoke_shop___vape_shop\index.html
Bizarre Bazaar by Vape City,Houston,,(832) 446-3922,file://C:\Users\roryu\Build Google Maps Lead Scraper\demo\output\bizarre_bazaar_by_vape_city\index.html
Pineapple Xpress Smoke Shop Spring Cypress,Spring,,(346) 236-6976,file://C:\Users\roryu\Build Google Maps Lead Scraper\demo\output\pineapple_xpress_smoke_shop_spring_cypress\index.html
"Glass Chance Vape,Smoke & Hookah",Spring,,(832) 698-4232,file://C:\Users\roryu\Build Google Maps Lead Scraper\demo\output\glass_chance_vape_smoke___hookah\index.html
Phoenix Rising Vapor 1 (Smoke/Disposables/Delta/CBD/Hookah),Houston,,(281) 763-7378,file://C:\Users\roryu\Build Google Maps Lead Scraper\demo\output\phoenix_rising_vapor_1__smoke_disposables_delta_cbd_hookah_\index.html
ROCK N' ROLL IT - SMOKE - VAPE - HEMP - THEISS MAIL,Spring,,(832) 843-3428,file://C:\Users\roryu\Build Google Maps Lead Scraper\demo\output\rock_n__roll_it___smoke___vape___hemp___theiss_mail\index.html
Bahama Mama Smoke Shop - Cypresswood,Houston,,(346) 206-3140,file://C:\Users\roryu\Build Google Maps Lead Scraper\demo\output\bahama_mama_smoke_shop___cypresswood\index.html
"Mango Island Smoke Shop | Vapes | Tobacco | CBD | Delta THC | Kratom | Disposables | Hookah | Novelties | Dispensary",Houston,,(832) 848-0144,file://C:\Users\roryu\Build Google Maps Lead Scraper\demo\output\mango_island_smoke_shop___vapes___tobacco___cbd___delta_thc___kratom___disposables___hookah___novelties___dispensary\index.html
"SMOKE ISLAND - BAMMEL Dispensary | Smoke shop | Daiquiri",Houston,,(346) 899-8285,file://C:\Users\roryu\Build Google Maps Lead Scraper\demo\output\smoke_island___bammel_dispensary___smoke_shop___daiquiri\index.html
Yoyos Smoke Shop LLC,Houston,,(713) 788-9794,file://C:\Users\roryu\Build Google Maps Lead Scraper\demo\output\yoyos_smoke_shop_llc\index.html
Pineapple Xpress Smoke Shop FM-1960 RD,Houston,,(281) 955-5367,file://C:\Users\roryu\Build Google Maps Lead Scraper\demo\output\pineapple_xpress_smoke_shop_fm_1960_rd\index.html
Smoke Puff & Daiquiri To-Go,Spring,,(281) 771-9030,file://C:\Users\roryu\Build Google Maps Lead Scraper\demo\output\smoke_puff___daiquiri_to_go\index.html
"In The Clouds - Spring Cypress CBD, Tobacco, Hookah, Cigars, Kratom & Disposable Vape Shop",Spring,,(832) 698-2370,file://C:\Users\roryu\Build Google Maps Lead Scraper\demo\output\in_the_clouds___spring_cypress_cbd__tobacco__hookah__cigars__kratom___disposable_vape_shop\index.html
"Champion Smoke shop & Vape | CBD |Kratom | Hookah | Delta8 | Water Pipe & more",Spring,,(346) 808-7519,file://C:\Users\roryu\Build Google Maps Lead Scraper\demo\output\champion_smoke_shop___vape___cbd__kratom___hookah___delta8___water_pipe___more\index.html
"Bammel SMOKE Shop| Vape Store| DISPENSARY | CBD| Kratom| Vape Shop| Hookah| Delta 8| Vape | THC Flower | Hemp | Kratom|",Houston,,(832) 672-2007,file://C:\Users\roryu\Build Google Maps Lead Scraper\demo\output\bammel_smoke_shop__vape_store__dispensary___cbd__kratom__vape_shop__hookah__delta_8__vape___thc_flower___hemp___kratom_\index.html
"Smoke Shop Station,Tattoo supplies, Vape, and Cigar",Houston,,(425) 377-5988,file://C:\Users\roryu\Build Google Maps Lead Scraper\demo\output\smoke_shop_station_tattoo_supplies__vape__and_cigar\index.html
PLANET BUZZ SMOKE SHOP,Houston,,(662) 491-0597,file://C:\Users\roryu\Build Google Maps Lead Scraper\demo\output\planet_buzz_smoke_shop\index.html
"Smoke N Cell 5 (Smoke shop, Delta 8, Vape Outlet, Phone Repair & More)",Spring,,(832) 288-5140,file://C:\Users\roryu\Build Google Maps Lead Scraper\demo\output\smoke_n_cell_5__smoke_shop__delta_8__vape_outlet__phone_repair___more_\index.html
"Excite Smoke and Vape, The best smoke shop in Houston",Houston,,(832) 446-3456,file://C:\Users\roryu\Build Google Maps Lead Scraper\demo\output\excite_smoke_and_vape__the_best_smoke_shop_in_houston\index.html
"Bahama Mama Champion Village | Vape | CBD | Kratom",Houston,,(346) 235-3794,file://C:\Users\roryu\Build Google Maps Lead Scraper\demo\output\bahama_mama_champion_village___vape___cbd___kratom\index.html
The Bake Shop Smoke Collectives,Houston,,(832) 638-0505,file://C:\Users\roryu\Build Google Maps Lead Scraper\demo\output\the_bake_shop_smoke_collectives\index.html
Papa smokes vape,Houston,,(832) 715-5224,file://C:\Users\roryu\Build Google Maps Lead Scraper\demo\output\papa_smokes_vape\index.html
283 smoke,Houston,,,file://C:\Users\roryu\Build Google Maps Lead Scraper\demo\output\283_smoke\index.html
Casa de Montecristo Cigar Lounge - FM 1960,Houston,,(281) 397-9800,file://C:\Users\roryu\Build Google Maps Lead Scraper\demo\output\casa_de_montecristo_cigar_lounge___fm_1960\index.html
Smo-king Smoke Shop & Dispensary,Houston,,(832) 248-2764,file://C:\Users\roryu\Build Google Maps Lead Scraper\demo\output\smo_king_smoke_shop___dispensary\index.html
Vape City,Cypress,,(346) 260-5967,file://C:\Users\roryu\Build Google Maps Lead Scraper\demo\output\vape_city\index.html
Zeus Smoke Shop,Houston,,(281) 966-8766,file://C:\Users\roryu\Build Google Maps Lead Scraper\demo\output\zeus_smoke_shop\index.html
SMOKEYDOKE Vape Smoke & Dispensary,Houston,,(832) 680-6232,file://C:\Users\roryu\Build Google Maps Lead Scraper\demo\output\smokeydoke_vape_smoke___dispensary\index.html
SMOKE INN 2 - The Best Drive Thru Smoke Shop of Spring TX,Spring,,(281) 256-5205,file://C:\Users\roryu\Build Google Maps Lead Scraper\demo\output\smoke_inn_2___the_best_drive_thru_smoke_shop_of_spring_tx\index.html
Puff Daddy Smoke Shop & Daiquiris,Houston,,(832) 478-5130,file://C:\Users\roryu\Build Google Maps Lead Scraper\demo\output\puff_daddy_smoke_shop___daiquiris\index.html
SPRING SMOKE SHOP,Houston,,(832) 721-5632,file://C:\Users\roryu\Build Google Maps Lead Scraper\demo\output\spring_smoke_shop\index.html
Smoke Paradise Shop,Houston,,(631) 949-1239,file://C:\Users\roryu\Build Google Maps Lead Scraper\demo\output\smoke_paradise_shop\index.html
Sound Revolution - MUSIC ● SKATE ● WEAR,Spring,,(281) 444-5454,file://C:\Users\roryu\Build Google Maps Lead Scraper\demo\output\sound_revolution___music___skate___wear\index.html
2920 Smoke & Vape shop,Spring,,(281) 323-4013,file://C:\Users\roryu\Build Google Maps Lead Scraper\demo\output\2920_smoke___vape_shop\index.html
"WAY-UP SMOKE & DISPENSARY | THCA | CBD | VAPE | HOOKAH | HEMP | FM 1960",Houston,,(832) 923-4397,file://C:\Users\roryu\Build Google Maps Lead Scraper\demo\output\way_up_smoke___dispensary___thca___cbd___vape___hookah___hemp___fm_1960\index.html
SUPREME SMOKE OPEN 24 HOURS & VAPE & KRATOM &7OH & THC & HOOKAH & CIGARS & GLASS PIPES & CBD,Spring,,(518) 961-7393,file://C:\Users\roryu\Build Google Maps Lead Scraper\demo\output\supreme_smoke_open_24_hours___vape___kratom__7oh___thc___hookah___cigars___glass_pipes___cbd\index.html
Smoke Shop,Houston,,,file://C:\Users\roryu\Build Google Maps Lead Scraper\demo\output\smoke_shop\index.html
Total Wine & More,Houston,,(281) 477-7507,file://C:\Users\roryu\Build Google Maps Lead Scraper\demo\output\total_wine___more\index.html
FRONTO Smoke Shop,Spring,,(832) 299-6688,file://C:\Users\roryu\Build Google Maps Lead Scraper\demo\output\fronto_smoke_shop\index.html
"BABA Smoke Shop, Vape Shop, THCA ,CBD , Hookah, Kratom,7ohmz, Kava, Premium Cigars,Tattoo supply",Spring,,(713) 389-5354,file://C:\Users\roryu\Build Google Maps Lead Scraper\demo\output\baba_smoke_shop__vape_shop__thca__cbd___hookah__kratom_7ohmz__kava__premium_cigars_tattoo_supply\index.html
"Mad Dog Smoke Shop 1960/Wortham Vape,Hookah,Glass, and CBD shop",Houston,,(281) 653-2209,file://C:\Users\roryu\Build Google Maps Lead Scraper\demo\output\mad_dog_smoke_shop_1960_wortham_vape_hookah_glass__and_cbd_shop\index.html
Pineapple Xpress Smoke Shop Jersey Village,Jersey Village,,(832) 912-4443,file://C:\Users\roryu\Build Google Maps Lead Scraper\demo\output\pineapple_xpress_smoke_shop_jersey_village\index.html
Smoke Studio LLC - Smoke Shop and Vape Shop Products in Spring Texas,Spring,,(346) 351-8035,file://C:\Users\roryu\Build Google Maps Lead Scraper\demo\output\smoke_studio_llc___smoke_shop_and_vape_shop_products_in_spring_texas\index.html
Smoke Therapy,Houston,,(832) 604-6659,file://C:\Users\roryu\Build Google Maps Lead Scraper\demo\output\smoke_therapy\index.html
Smoke N More Smoke shop & Vape shop,Spring,,(281) 288-5007,file://C:\Users\roryu\Build Google Maps Lead Scraper\demo\output\smoke_n_more_smoke_shop___vape_shop\index.html
"HIGH KEY | SMOKE SHOP & VAPE SHOP HOUSTON TX | DELTA 8 | THCA | THCP | KRATOM | CBD | HOOKAH | GLASS PIPES",Tomball,,(832) 458-8525,file://C:\Users\roryu\Build Google Maps Lead Scraper\demo\output\high_key___smoke_shop___vape_shop_houston_tx___delta_8___thca___thcp___kratom___cbd___hookah___glass_pipes\index.html
"Puffzilla Smoke Shop | CBD | VAPE | KRATOM | DELTA THC | HOOKAH | GLASS PIPES | CIGARS",Spring,,(832) 403-4886,file://C:\Users\roryu\Build Google Maps Lead Scraper\demo\output\puffzilla_smoke_shop___cbd___vape___kratom___delta_thc___hookah___glass_pipes___cigars\index.html
"Bahama Mama 1960 Smoke Shop | VAPE | CBD | HOOKAH",Houston,,(281) 773-4847,file://C:\Users\roryu\Build Google Maps Lead Scraper\demo\output\bahama_mama_1960_smoke_shop___vape___cbd___hookah\index.html
Twisted Smoke Shop,Jersey Village,,(713) 471-1688,file://C:\Users\roryu\Build Google Maps Lead Scraper\demo\output\twisted_smoke_shop\index.html
"Holy Smokes Vape & Smoke | Smoke Shop | Vape | Disposables | Delta 8 |",Jersey Village,,(832) 688-9260,file://C:\Users\roryu\Build Google Maps Lead Scraper\demo\output\holy_smokes_vape___smoke___smoke_shop___vape___disposables___delta_8__\index.html
SS Smoke Shop,Houston,,,file://C:\Users\roryu\Build Google Maps Lead Scraper\demo\output\ss_smoke_shop\index.html
Smoker empire,Houston,,(832) 912-4069,file://C:\Users\roryu\Build Google Maps Lead Scraper\demo\output\smoker_empire\index.html
Nice Dreams Smoke Vape,Houston,,(281) 982-3182,file://C:\Users\roryu\Build Google Maps Lead Scraper\demo\output\nice_dreams_smoke_vape\index.html
Sound Revolution - MUSIC ● SKATE ● WEAR,Houston,,(832) 534-8066,file://C:\Users\roryu\Build Google Maps Lead Scraper\demo\output\sound_revolution___music___skate___wear\index.html
Puffmeister Smoke & Vape Shop,Cypress,,(832) 334-5379,file://C:\Users\roryu\Build Google Maps Lead Scraper\demo\output\puffmeister_smoke___vape_shop\index.html
"Karma Smoke Shop & Daiquiris To Go - CBD, THC, VAPE, HOOKAH, TOBACCO, GLASS, PIPES,",Houston,,(832) 986-0490,file://C:\Users\roryu\Build Google Maps Lead Scraper\demo\output\karma_smoke_shop___daiquiris_to_go___cbd__thc__vape__hookah__tobacco__glass__pipes_\index.html
DC Smoke Shop,Houston,,(832) 231-9569,file://C:\Users\roryu\Build Google Maps Lead Scraper\demo\output\dc_smoke_shop\index.html
SMOKEYDOKE Vape Smoke & Dispensary,Houston,,(832) 804-9490,file://C:\Users\roryu\Build Google Maps Lead Scraper\demo\output\smokeydoke_vape_smoke___dispensary\index.html
Rock 'N Roll It,Houston,,(713) 230-8535,file://C:\Users\roryu\Build Google Maps Lead Scraper\demo\output\rock__n_roll_it\index.html
SUPREME SMOKE OPEN 24 HOURS & VAPE & KRATOM & THC & HOOKAH & CIGARS & GLASS PIPES & CBD,Spring,,(346) 829-6814,file://C:\Users\roryu\Build Google Maps Lead Scraper\demo\output\supreme_smoke_open_24_hours___vape___kratom___thc___hookah___cigars___glass_pipes___cbd\index.html
Good O Timez Smoke N Tattoo Supplies,Houston,,(832) 781-4414,file://C:\Users\roryu\Build Google Maps Lead Scraper\demo\output\good_o_timez_smoke_n_tattoo_supplies\index.html
"MOONLIGHT SMOKE SHOP, VAPE, DELTA 8, CBD, KRATOM, 7OHMZ & TATTOO ACCESSORIES",Spring,,(281) 719-0519,file://C:\Users\roryu\Build Google Maps Lead Scraper\demo\output\moonlight_smoke_shop__vape__delta_8__cbd__kratom__7ohmz___tattoo_accessories\index.html
Nefertiti Smoke Shop LLC,Houston,,(832) 728-5014,file://C:\Users\roryu\Build Google Maps Lead Scraper\demo\output\nefertiti_smoke_shop_llc\index.html
Greenhouse Smoke and Vape,Houston,,(346) 439-6212,file://C:\Users\roryu\Build Google Maps Lead Scraper\demo\output\greenhouse_smoke_and_vape\index.html
Vitrum smoke shop,Houston,,(281) 815-5857,file://C:\Users\roryu\Build Google Maps Lead Scraper\demo\output\vitrum_smoke_shop\index.html
AK Smoke,Houston,,(713) 471-3567,file://C:\Users\roryu\Build Google Maps Lead Scraper\demo\output\ak_smoke\index.html
290 SMOKE SHOP,Jersey Village,,(713) 466-1195,file://C:\Users\roryu\Build Google Maps Lead Scraper\demo\output\290_smoke_shop\index.html
Discount Tobacco,Houston,,(281) 890-6410,file://C:\Users\roryu\Build Google Maps Lead Scraper\demo\output\discount_tobacco\index.html
Space City Smoke Shop,Houston,,(281) 260-7164,file://C:\Users\roryu\Build Google Maps Lead Scraper\demo\output\space_city_smoke_shop\index.html
STONER NINE SMOKE SHOP I FM 529 SPENCER PLAZA I Delta-8 I Cbd I Hookah I Vape I Vape Juice I,Houston,,(281) 861-5318,file://C:\Users\roryu\Build Google Maps Lead Scraper\demo\output\stoner_nine_smoke_shop_i_fm_529_spencer_plaza_i_delta_8_i_cbd_i_hookah_i_vape_i_vape_juice_i\index.html
Cherry Smoke & Vapor & Hookah/E-Cig,Houston,,(832) 427-5606,file://C:\Users\roryu\Build Google Maps Lead Scraper\demo\output\cherry_smoke___vapor___hookah_e_cig\index.html
Verde Planet // EADO Smoke n Vape,Houston,,(713) 485-5814,file://C:\Users\roryu\Build Google Maps Lead Scraper\demo\output\verde_planet____eado_smoke_n_vape\index.html
Pipes Gifts & More Inc,Houston,,(281) 999-3033,file://C:\Users\roryu\Build Google Maps Lead Scraper\demo\output\pipes_gifts___more_inc\index.html
Smoke shop,Houston,,(832) 640-3695,file://C:\Users\roryu\Build Google Maps Lead Scraper\demo\output\smoke_shop\index.html
Stuff N Puff Smoke Shop,Houston,,(832) 672-6664,file://C:\Users\roryu\Build Google Maps Lead Scraper\demo\output\stuff_n_puff_smoke_shop\index.html
Greenspoint Smoke Shop,Houston,,(281) 836-5224,file://C:\Users\roryu\Build Google Maps Lead Scraper\demo\output\greenspoint_smoke_shop\index.html
Purple haze smoke shop #3,Houston,,(832) 640-3695,file://C:\Users\roryu\Build Google Maps Lead Scraper\demo\output\purple_haze_smoke_shop__3\index.html
CELEBRITY EVENTS SMOKE SHOP & LOUNGE,Houston,,(281) 220-9564,file://C:\Users\roryu\Build Google Maps Lead Scraper\demo\output\celebrity_events_smoke_shop___lounge\index.html
Bahama Mama N Shepherd,Houston,,(346) 335-8986,file://C:\Users\roryu\Build Google Maps Lead Scraper\demo\output\bahama_mama_n_shepherd\index.html
"IAH SMOKE, VAPE, & HOOKAH",Houston,,(951) 452-4157,file://C:\Users\roryu\Build Google Maps Lead Scraper\demo\output\iah_smoke__vape____hookah\index.html
"Bahama Mama Smoke Shop Sawdust | Vape | Tobacco | CBD | Delta THC | Kratom | Hookah | Disposables | Cigars",Spring,,(281) 651-5013,file://C:\Users\roryu\Build Google Maps Lead Scraper\demo\output\bahama_mama_smoke_shop_sawdust___vape___tobacco___cbd___delta_thc___kratom___hookah___disposables___cigars\index.html
HTown Smoke shop 3,Houston,,(713) 485-4656,file://C:\Users\roryu\Build Google Maps Lead Scraper\demo\output\htown_smoke_shop_3\index.html
Pineapple Xpress Smoke Shop 6th Street,Houston,,(281) 345-7850,file://C:\Users\roryu\Build Google Maps Lead Scraper\demo\output\pineapple_xpress_smoke_shop_6th_street\index.html
"SMOKE GUYZ | THC VAPES | VAPES | CBD | KRATOM |",Houston,,(346) 226-5261,file://C:\Users\roryu\Build Google Maps Lead Scraper\demo\output\smoke_guyz___thc_vapes___vapes___cbd___kratom__\index.html
SMOKE ALLEY,Houston,,(713) 688-0600,file://C:\Users\roryu\Build Google Maps Lead Scraper\demo\output\smoke_alley\index.html
Cali Vibes Smoke Shop,Houston,,(832) 834-3943,file://C:\Users\roryu\Build Google Maps Lead Scraper\demo\output\cali_vibes_smoke_shop\index.html
Vape City,Houston,,(832) 925-7842,file://C:\Users\roryu\Build Google Maps Lead Scraper\demo\output\vape_city\index.html
Green Smoke Vape & Tobacco,Houston,,(346) 664-9675,file://C:\Users\roryu\Build Google Maps Lead Scraper\demo\output\green_smoke_vape___tobacco\index.html
"Mr Smoke (Delta 8, Vape, CBD, Kratom & Hookah)",Houston,,(773) 704-9631,file://C:\Users\roryu\Build Google Maps Lead Scraper\demo\output\mr_smoke__delta_8__vape__cbd__kratom___hookah_\index.html
Fantasy,Houston,,(713) 526-9522,file://C:\Users\roryu\Build Google Maps Lead Scraper\demo\output\fantasy\index.html
Beltway 8 Smoke Shop,Houston,,(281) 826-4984,file://C:\Users\roryu\Build Google Maps Lead Scraper\demo\output\beltway_8_smoke_shop\index.html
HTown Smoke Shop,Houston,,(281) 888-6328,file://C:\Users\roryu\Build Google Maps Lead Scraper\demo\output\htown_smoke_shop\index.html
Melting Leaf Cbd Hemp & Smoke,Spring,,(281) 323-4607,file://C:\Users\roryu\Build Google Maps Lead Scraper\demo\output\melting_leaf_cbd_hemp___smoke\index.html
Memorial Smoke & Vape,Houston,,(713) 973-6418,file://C:\Users\roryu\Build Google Maps Lead Scraper\demo\output\memorial_smoke___vape\index.html