"business_name","address","phone","website","rating","review_count","google_maps_url"
"365 SMOKE VAPE SHOP STUEBNER | OPEN 24 HOURS | SMOKE SHOP | E-JUICES | VAPE DISPOSABLES | HOOKAH | CIGARS | HEMP | GLASS PIPE","16000 Stuebner Airline Rd Suite B, Spring, TX 77379","(832) 843-3703","https://www.365vapeandsmoke.com/","5.0","10","https://www.google.com/maps/place/365+SMOKE+VAPE+SHOP+STUEBNER+%7C+OPEN+24+HOURS+%7C+SMOKE+SHOP+%7C+E-JUICES+%7C+VAPE+DISPOSABLES+%7C+HOOKAH+%7C+CIGARS+%7C+HEMP+%7C+GLASS+PIPE/data=!4m7!3m6!1s0x8640cd6b667acbb7:0xb0549683f05a0a34!8m2!3d30.0119834!4d-95.5147512!16s%2Fg%2F11yxhk80gg!19sChIJt8t6ZmvNQIYRNApa8IOWVLA"
"SMOKE SHACK SMOKE,VAPE & HOOKAH SHOP","7110 Louetta Rd Suite D, Spring, TX 77379","(281) 257-9927","http://www.bestsmokeshack.com/","4.8","135","https://www.google.com/maps/place/SMOKE+SHACK+SMOKE,VAPE+%26+HOOKAH+SHOP/data=!4m7!3m6!1s0x8640cd205e63739f:0xcd0e95a532f61dfc!8m2!3d30.02286!4d-95.521199!16s%2Fg%2F1tfpk5_4!19sChIJn3NjXiDNQIYR_B32MqWVDs0"
"Bahama Mama Smoke Shop| Vape Shop | Kratom | Disposables | Tobacco | Hookah | Shisha | Delta | EJuice |","16880 Stuebner Airline Rd C, Spring, TX 77379","(832) 534-1743","https://www.bahama-mama.com/projects","4.9","443","https://www.google.com/maps/place/Bahama+Mama+Smoke+Shop%7C+Vape+Shop+%7C+Kratom+%7C+Disposables+%7C+Tobacco+%7C+Hookah+%7C+Shisha+%7C+Delta+%7C+EJuice+%7C/data=!4m7!3m6!1s0x8640cd083cdffb19:0x3708ac61892de3ae!8m2!3d30.022404!4d-95.52508!16s%2Fg%2F11mwl2wb8f!19sChIJGfvfPAjNQIYRruMtiWGsCDc"
"Elevate smoke shop","14919 Stuebner Airline Rd # 6, Houston, TX 77069","(281) 919-1431","http://elevateshophouston.com/","5.0","371","https://www.google.com/maps/place/Elevate+smoke+shop/data=!4m7!3m6!1s0x8640cddff2024273:0xdba84fcb3a62a2d8!8m2!3d29.9990235!4d-95.5069912!16s%2Fg%2F11r_vs9bzc!19sChIJc0IC8t_NQIYR2KJiOstPqNs"
"Willowbrook Smoke Shop VAPE HOOKAH &CIGAR &CBD & Legal THC & Hydroxy & Delta-9 & Kratom & THC-A & MORE","5033 FM 1960 Suit 500, Houston, TX 77069","(281) 836-6008","","5.0","1,628","https://www.google.com/maps/place/Willowbrook+Smoke+Shop+VAPE+HOOKAH+%26CIGAR+%26CBD+%26+Legal+THC+%26+Hydroxy+%26+Delta-9+%26+Kratom+%26+THC-A+%26+MORE/@29.9832068,-95.5057061,17z/data=!3m1!4b1!4m6!3m5!1s0x8640cd1376f16d8b:0x793c2ea8d9908850!8m2!3d29.9832068!4d-95.5057061!16s%2Fg%2F11n0btqw50"
"EAGLE SMOKE SHOP & TOBACCO | OPEN 24 HOURS","4407b Cypress Creek Pkwy, Houston, TX 77068","(470) 494-3608","","5.0","341","https://www.google.com/maps/place/EAGLE+SMOKE+SHOP+%26+TOBACCO+%7C+OPEN+24+HOURS/@29.988724,-95.496144,17z/data=!3m1!4b1!4m6!3m5!1s0x8640cd4d9ac5baaf:0x37e005d79d15ee78!8m2!3d29.988724!4d-95.496144!16s%2Fg%2F11v59ffcjw"
"SMOKERS SPOT Smoke shop & Vape shop","8905 Louetta Rd # J, Spring, TX 77379","(832) 559-8195","","4.9","120","https://www.google.com/maps/place/SMOKERS+SPOT+Smoke+shop+%26+Vape+shop/@30.0081212,-95.545767,17z/data=!3m1!4b1!4m6!3m5!1s0x8640cdd117ff992d:0x6519470cda69a303!8m2!3d30.0081212!4d-95.545767!16s%2Fg%2F11n27dn44f"
"Bizarre Bazaar by Vape City","5177 Farm to Market 1960 Rd W, Houston, TX 77069","(832) 446-3922","https://vapecity.us/","4.7","475","https://www.google.com/maps/place/Bizarre+Bazaar+by+Vape+City/data=!4m7!3m6!1s0x8640cd235121f14d:0x1cff6ee36ea962cb!8m2!3d29.9818594!4d-95.5080286!16s%2Fg%2F11pxnglpy_!19sChIJTfEhUSPNQIYRy2KpbuNu_xw"
"Pineapple Xpress Smoke Shop Spring Cypress","8854 Spring Cypress Rd, Spring, TX 77379","(346) 236-6976","https://spring.pine-applexpress.com/","4.9","378","https://www.google.com/maps/place/Pineapple+Xpress+Smoke+Shop+Spring+Cypress/data=!4m7!3m6!1s0x8640cd23626a0d67:0x6ac3170c6c5fb7cc!8m2!3d30.0312227!4d-95.5575851!16s%2Fg%2F11rdz742gt!19sChIJZw1qYiPNQIYRzLdfbAwXw2o"
"Glass Chance Vape,Smoke & Hookah","9440 Louetta Rd #8, Spring, TX 77379","(832) 698-4232","https://www.instagram.com/glasschancevapeandsmoke?igsh=OHRyZHQ0amowNDFh&utm_source=qr","4.8","271","https://www.google.com/maps/place/Glass+Chance+Vape,Smoke+%26+Hookah/data=!4m7!3m6!1s0x8640cd7b09a61ddf:0xa1438cd804e70650!8m2!3d30.0050633!4d-95.5549103!16s%2Fg%2F11fx9616d2!19sChIJ3x2mCXvNQIYRUAbnBNiMQ6E"
"Phoenix Rising Vapor 1 (Smoke/Disposables/Delta/CBD/Hookah)","5020 Farm to Market 1960 Rd W Ste A7, Houston, TX 77069","(281) 763-7378","https://phoenixrisingvapor.format.com/","4.9","690","https://www.google.com/maps/place/Phoenix+Rising+Vapor+1+%28Smoke%2FDisposables%2FDelta%2FCBD%2FHookah%29/data=!4m7!3m6!1s0x8640cc44e314d47d:0xe854244348a67e39!8m2!3d29.983957!4d-95.5066857!16s%2Fg%2F11b5qw1s8s!19sChIJfdQU40TMQIYROX6mSEMkVOg"
"ROCK N' ROLL IT - SMOKE - VAPE - HEMP - THEISS MAIL","16823 Theiss Mail Rte Rd, Spring, TX 77379","(832) 843-3428","https://rocknrollit.com/","5.0","67","https://www.google.com/maps/place/ROCK+N%27+ROLL+IT+-+SMOKE+-+VAPE+-+HEMP+-+THEISS+MAIL/data=!4m7!3m6!1s0x8640cdca65cbb009:0x21358219e4fd771c!8m2!3d30.0163948!4d-95.5334726!16s%2Fg%2F11y5vrfy8_!19sChIJCbDLZcrNQIYRHHf95BmCNSE"
"Bahama Mama Smoke Shop - Cypresswood","19610 Texas 249 Access Rd, Houston, TX 77070","(346) 206-3140","http://www.bahama-mama.com/","4.9","573","https://www.google.com/maps/place/Bahama+Mama+Smoke+Shop+-+Cypresswood/data=!4m7!3m6!1s0x8640d338780ed7e1:0x44f39020d3e05b5f!8m2!3d29.9808793!4d-95.5664304!16s%2Fg%2F11v4n02thj!19sChIJ4dcOeDjTQIYRX1vg0yCQ80Q"
"Mango Island Smoke Shop | Vapes | Tobacco | CBD | Delta THC | Kratom | Disposables | Hookah | Novelties | Dispensary","9514 Grant Rd Ste B, Houston, TX 77070","(832) 848-0144","","4.9","617","https://www.google.com/maps/place/Mango+Island+Smoke+Shop+%7C+Vapes+%7C+Tobacco+%7C+CBD+%7C+Delta+THC+%7C+Kratom+%7C+Disposables+%7C+Hookah+%7C+Novelties+%7C+Dispensary/@29.9672944,-95.5597965,17z/data=!3m1!4b1!4m6!3m5!1s0x8640cd4303c884df:0xadabc5b0c7fa700d!8m2!3d29.9672944!4d-95.5597965!16s%2Fg%2F11kpj08bmy"
"SMOKE ISLAND - BAMMEL Dispensary | Smoke shop | Daiquiri","12311 Bammel North Houston Rd Suite E, Houston, TX 77066","(346) 899-8285","https://myvapeisland.com/","5.0","61","https://www.google.com/maps/place/SMOKE+ISLAND+-+BAMMEL+Dispensary+%7C+Smoke+shop+%7C+Daiquiri/data=!4m7!3m6!1s0x8640cd6443e73601:0xada588a0360329e1!8m2!3d29.9571722!4d-95.4987574!16s%2Fg%2F11m_6z7qbb!19sChIJATbnQ2TNQIYR4SkDNqCIpa0"
"Yoyos Smoke Shop LLC","13920 Mandolin Dr, Houston, TX 77070","(713) 788-9794","https://yoyosshops.com/","5.0","4","https://www.google.com/maps/place/Yoyos+Smoke+Shop+LLC/data=!4m7!3m6!1s0x8640d3422f6dac8f:0x17e8ed3085da115f!8m2!3d29.978335!4d-95.5682768!16s%2Fg%2F11z0nrx_6m!19sChIJj6xtL0LTQIYRXxHahTDt6Bc"
"Pineapple Xpress Smoke Shop FM-1960 RD","9581 FM 1960, Houston, TX 77064","(281) 955-5367","http://xpress.pine-applexpress.com/","4.8","1,138","https://www.google.com/maps/place/Pineapple+Xpress+Smoke+Shop+FM-1960+RD/data=!4m7!3m6!1s0x8640d1fbe739e691:0x9fb78a7e7bf20ca4!8m2!3d29.942403!4d-95.568537!16s%2Fg%2F12hng324b!19sChIJkeY55_vRQIYRpAzye36Kt58"
"Smoke Puff & Daiquiri To-Go","18311 T C Jester Blvd Unit E, Spring, TX 77379","(281) 771-9030","https://smoke-puff.com/","4.8","26","https://www.google.com/maps/place/Smoke+Puff+%26+Daiquiri+To-Go/data=!4m7!3m6!1s0x8640cd759c0b4631:0xf3c4f905b9c74459!8m2!3d30.0318314!4d-95.5026797!16s%2Fg%2F11rp7dnff4!19sChIJMUYLnHXNQIYRWUTHuQX5xPM"
"In The Clouds - Spring Cypress CBD, Tobacco, Hookah, Cigars, Kratom & Disposable Vape Shop","6224 Spring Cypress Rd Suite 111, Spring, TX 77379","(832) 698-2370","https://in-the-clouds.localo.site/?utm_source=google_profile&utm_campaign=localo&utm_medium=mainlink","5.0","313","https://www.google.com/maps/place/In+The+Clouds+-+Spring+Cypress+CBD,+Tobacco,+Hookah,+Cigars,+Kratom+%26+Disposable+Vape+Shop/data=!4m7!3m6!1s0x8647333be61f2b13:0x27becdccd2d0d58a!8m2!3d30.0498408!4d-95.5150258!16s%2Fg%2F11v022s62t!19sChIJEysf5jszR4YRitXQ0szNvic"
"Champion Smoke shop & Vape | CBD |Kratom | Hookah | Delta8 | Water Pipe & more","18618 Champion Forest Dr C, Spring, TX 77379","(346) 808-7519","","4.7","62","https://www.google.com/maps/place/Champion+Smoke+shop+%26+Vape+%7C+CBD+%7CKratom+%7C+Hookah+%7C+Delta8+%7C+Water+Pipe+%26+more/@30.0344807,-95.5570644,17z/data=!3m1!4b1!4m6!3m5!1s0x8640cd8046ca0d39:0x62614b67ee6b2e3f!8m2!3d30.0344807!4d-95.5570644!16s%2Fg%2F11spxsnhf1"
"Bammel SMOKE Shop| Vape Store| DISPENSARY | CBD| Kratom| Vape Shop| Hookah| Delta 8| Vape | THC Flower | Hemp | Kratom|","10911 Bammel North Houston Rd Suite B, Houston, TX 77086","(832) 672-2007","https://bammelsmokeshop.netlify.app/","4.8","189","https://www.google.com/maps/place/Bammel+SMOKE+Shop%7C+Vape+Store%7C+DISPENSARY+%7C+CBD%7C+Kratom%7C+Vape+Shop%7C+Hookah%7C+Delta+8%7C+Vape+%7C+THC+Flower+%7C+Hemp+%7C+Kratom%7C/data=!4m7!3m6!1s0x8640cebdf6548bf3:0x5796a63c49686100!8m2!3d29.9357285!4d-95.4986336!16s%2Fg%2F11c706yqjb!19sChIJ84tU9r3OQIYRAGFoSTymllc"
"Smoke Shop Station,Tattoo supplies, Vape, and Cigar","13339 Jones Rd, Houston, TX 77070","(425) 377-5988","https://t.me/+l9-uvMuMA1cyZWFh","4.8","211","https://www.google.com/maps/place/Smoke+Shop+Station,Tattoo+supplies,+Vape,+and+Cigar/data=!4m7!3m6!1s0x8640d32e9cd70a3d:0xd6df3b8890ea7b4b!8m2!3d29.967795!4d-95.5853959!16s%2Fg%2F11lglt7dst!19sChIJPQrXnC7TQIYRS3vqkIg739Y"
"PLANET BUZZ SMOKE SHOP","9707 Mills Rd, Houston, TX 77070","(662) 491-0597","","4.9","15","https://www.google.com/maps/place/PLANET+BUZZ+SMOKE+SHOP/@29.9583536,-95.5643824,17z/data=!3m1!4b1!4m6!3m5!1s0x8640d30021333ad7:0x344cc01efb63f1a9!8m2!3d29.9583536!4d-95.5643824!16s%2Fg%2F11y7tbz9qg"
"Smoke N Cell 5 (Smoke shop, Delta 8, Vape Outlet, Phone Repair & More)","3910 Louetta Rd suite E, Spring, TX 77388","(832) 288-5140","","5.0","312","https://www.google.com/maps/place/Smoke+N+Cell+5+(Smoke+shop,+Delta+8,+Vape+Outlet,+Phone+Repair+%26+More)/@30.0483446,-95.4753645,17z/data=!3m1!4b1!4m6!3m5!1s0x8640cf241828e1ef:0x4aef5e056ff291e7!8m2!3d30.0483446!4d-95.4753645!16s%2Fg%2F11mbyc92tf"
"Excite Smoke and Vape, The best smoke shop in Houston","15002 Ella Blvd #22, Houston, TX 77090","(832) 446-3456","http://www.excitesmoke.com/","4.7","119","https://www.google.com/maps/place/Excite+Smoke+and+Vape,+The+best+smoke+shop+in+Houston/data=!4m7!3m6!1s0x8640cbbd97b7ef5b:0x31c4e37032f49645!8m2!3d29.9847392!4d-95.4332994!16s%2Fg%2F11rqqhvn0f!19sChIJW--3l73LQIYRRZb0MnDjxDE"
"Bahama Mama Champion Village | Vape | CBD | Kratom","5780 Farm to Market 1960 Rd W, Houston, TX 77069","(346) 235-3794","http://www.bahama-mama.com/","4.8","111","https://www.google.com/maps/place/Bahama+Mama+Champion+Village+%7C+Vape+%7C+CBD+%7C+Kratom/data=!4m7!3m6!1s0x8640cd37860972b7:0xa4b2ff356938de76!8m2!3d29.9787982!4d-95.515716!16s%2Fg%2F11y5_wgcs4!19sChIJt3IJhjfNQIYRdt44aTX_sqQ"
"The Bake Shop Smoke Collectives","9109 Cypress Creek Pkwy Suite B, Houston, TX 77070","(832) 638-0505","","4.8","10","https://www.google.com/maps/place/The+Bake+Shop+Smoke+Collectives/@29.949229,-95.5601692,17z/data=!3m1!4b1!4m6!3m5!1s0x8640cf862112afb7:0x201bb02d33c4e347!8m2!3d29.949229!4d-95.5601692!16s%2Fg%2F11mlb3x9k4"
"Papa smokes vape","13521 Perry Rd Suite 200, Houston, TX 77070","(832) 715-5224","","4.9","68","https://www.google.com/maps/place/Papa+smokes+vape/@29.9687769,-95.5645226,17z/data=!3m1!4b1!4m6!3m5!1s0x8640d3ecbdaf7897:0xba89ada19f170d5f!8m2!3d29.9687769!4d-95.5645226!16s%2Fg%2F11ycbrlkq4"
"283 smoke","3645 Cypress Creek Pkwy Ste 148, Houston, TX 77068","","","5.0","35","https://www.google.com/maps/place/283+smoke/@29.9956305,-95.4820411,17z/data=!3m1!4b1!4m6!3m5!1s0x8640cdc83f55b161:0x41bd0e8fd4edf774!8m2!3d29.9956305!4d-95.4820411!16s%2Fg%2F11yq6ndlsd"
"Casa de Montecristo Cigar Lounge - FM 1960","6608 Farm to Market 1960 Rd W D, Houston, TX 77069","(281) 397-9800","https://www.casademontecristo.com/fm-1960/?utm_source=google&utm_medium=organic&utm_campaign=businessprofile","4.7","388","https://www.google.com/maps/place/Casa+de+Montecristo+Cigar+Lounge+-+FM+1960/data=!4m7!3m6!1s0x8640cdc85ef0f4bb:0xec57513237c30b8a!8m2!3d29.9719491!4d-95.5292276!16s%2Fg%2F11fy4wr6bz!19sChIJu_TwXsjNQIYRigvDNzJRV-w"
"Smo-king Smoke Shop & Dispensary","12722 Jones Rd, Houston, TX 77070","(832) 248-2764","","4.7","116","https://www.google.com/maps/place/Smo-king+Smoke+Shop+%26+Dispensary/@29.9587049,-95.5847646,17z/data=!3m1!4b1!4m6!3m5!1s0x8640d3c01ac531c3:0x205a771fc22f7977!8m2!3d29.9587049!4d-95.5847646!16s%2Fg%2F11n7z8576n"
"Vape City","11321 Cypress North Houston Rd, Cypress, TX 77429","(346) 260-5967","https://vapecity.us/","4.5","158","https://www.google.com/maps/place/Vape+City/data=!4m7!3m6!1s0x8640d3782bb5a041:0x3b4a573b7fb4cca0!8m2!3d29.9519458!4d-95.5907356!16s%2Fg%2F11rfffn84d!19sChIJQaC1K3jTQIYRoMy0fztXSjs"
"Zeus Smoke Shop","12010 Louetta Rd, Houston, TX 77070","(281) 966-8766","","4.9","147","https://www.google.com/maps/place/Zeus+Smoke+Shop/@29.9968795,-95.603377,17z/data=!3m1!4b1!4m6!3m5!1s0x8640d30253bec0d9:0xaa381b3217fd9fba!8m2!3d29.9968795!4d-95.603377!16s%2Fg%2F11vk4myx81"
"SMOKEYDOKE Vape Smoke & Dispensary","566 Cypress Creek Pkwy Ste E, Houston, TX 77090","(832) 680-6232","https://smokeydoke.com/","4.8","452","https://www.google.com/maps/place/SMOKEYDOKE+Vape+Smoke+%26+Dispensary/data=!4m7!3m6!1s0x8640cb94d9f19229:0x77f3188cfb13f896!8m2!3d30.0190001!4d-95.4383695!16s%2Fg%2F11gw2j_z0x!19sChIJKZLx2ZTLQIYRlvgT-4wY83c"
"SMOKE INN 2 - The Best Drive Thru Smoke Shop of Spring TX","4740 Spring Cypress Rd G, Spring, TX 77379","(281) 256-5205","http://www.smokeinn.us/","4.9","43","https://www.google.com/maps/place/SMOKE+INN+2+-+The+Best+Drive+Thru+Smoke+Shop+of+Spring+TX/data=!4m7!3m6!1s0x86473360adea86e1:0xf164f1eebab7a94!8m2!3d30.0507354!4d-95.4948636!16s%2Fg%2F11vx480lv1!19sChIJ4YbqrWAzR4YRlHqr6x5PFg8"
"Puff Daddy Smoke Shop & Daiquiris","17005 Tomball Pkwy #300, Houston, TX 77064","(832) 478-5130","","4.7","71","https://www.google.com/maps/place/Puff+Daddy+Smoke+Shop+%26+Daiquiris/@29.9523373,-95.5378161,17z/data=!3m1!4b1!4m6!3m5!1s0x8640cd36f6e7cfa5:0x311bfc6b095aa683!8m2!3d29.9523373!4d-95.5378161!16s%2Fg%2F11tp46dzc6"
"SPRING SMOKE SHOP","12002 Veterans Memorial Dr A, Houston, TX 77067","(832) 721-5632","","4.9","11","https://www.google.com/maps/place/SPRING+SMOKE+SHOP/@29.9582418,-95.4753615,17z/data=!3m1!4b1!4m6!3m5!1s0x8640cb3fb7de4a4b:0xa5a0bac39184548c!8m2!3d29.9582418!4d-95.4753615!16s%2Fg%2F11jxv77n9x"
"Smoke Paradise Shop","13227 Jones Rd, Houston, TX 77070","(631) 949-1239","","4.2","29","https://www.google.com/maps/place/Smoke+Paradise+Shop/@29.9654852,-95.5864924,17z/data=!3m1!4b1!4m6!3m5!1s0x8640d23c2049274b:0x6387e114883122fa!8m2!3d29.9654852!4d-95.5864924!16s%2Fg%2F11c56rcby7"
"Sound Revolution - MUSIC ● SKATE ● WEAR","8312 Louetta Rd, Spring, TX 77379","(281) 444-5454","https://www.soundrevolutionhtx.com/?utm_source=google&utm_medium=business_profile","4.7","576","https://www.google.com/maps/place/Sound+Revolution+-+MUSIC+%E2%97%8F+SKATE+%E2%97%8F+WEAR/data=!4m7!3m6!1s0x8640cb117536fa57:0xdf17841c9198ebc5!8m2!3d30.0129997!4d-95.5392948!16s%2Fg%2F1trxf27d!19sChIJV_o2dRHLQIYRxeuYkRyEF98"
"2920 Smoke & Vape shop","4915 FM 2920 Rd Suite #145, 4915 Farm to Market 2920, Spring, TX 77388","(281) 323-4013","","4.6","65","https://www.google.com/maps/place/2920+Smoke+%26+Vape+shop/@30.073301,-95.4943,17z/data=!3m1!4b1!4m6!3m5!1s0x8647336c08304ba7:0x2479186790ee25b2!8m2!3d30.073301!4d-95.4943!16s%2Fg%2F11g6wcscg1"
"WAY-UP SMOKE & DISPENSARY | THCA | CBD | VAPE | HOOKAH | HEMP | FM 1960","1701 FM 1960 Suite F, Houston, TX 77090","(832) 923-4397","","4.9","177","https://www.google.com/maps/place/WAY-UP+SMOKE+%26+DISPENSARY+%7C+THCA+%7C+CBD+%7C+VAPE+%7C+HOOKAH+%7C+HEMP+%7C+FM+1960/@30.0114868,-95.4546432,17z/data=!3m1!4b1!4m6!3m5!1s0x8640cb42d3de8797:0xa8e7f96f59cc6296!8m2!3d30.0114868!4d-95.4546432!16s%2Fg%2F11s1p0x386"
"SUPREME SMOKE OPEN 24 HOURS & VAPE & KRATOM &7OH & THC & HOOKAH & CIGARS & GLASS PIPES & CBD","19380 North Fwy Suite 120, Spring, TX 77373","(518) 961-7393","https://jssmokeshop.odoo.com/","5.0","406","https://www.google.com/maps/place/SUPREME+SMOKE+OPEN+24+HOURS+%26+VAPE+%26+KRATOM+%267OH+%26+THC+%26+HOOKAH+%26+CIGARS+%26+GLASS+PIPES+%26+CBD/data=!4m7!3m6!1s0x86473577a0bab573:0xaa65d4568c458598!8m2!3d30.0494444!4d-95.4289366!16s%2Fg%2F11sc2x55yd!19sChIJc7W6oHc1R4YRmIVFjFbUZao"
"Smoke Shop","Houston, TX 77377","","","5.0","1","https://www.google.com/maps/place/Smoke+Shop/@29.9970962,-95.5902233,17z/data=!3m1!4b1!4m6!3m5!1s0x8640d2f6566eb3a3:0x9d397c8e4d57aed8!8m2!3d29.9970962!4d-95.5902233!16s%2Fg%2F11kjkcxf98"
"Total Wine & More","7640 Cypress Creek Pkwy, Houston, TX 77070","(281) 477-7507","https://www.totalwine.com/store-info/texas-willowbrook/512?cid=referral:website_link::momentfeed:512_willowbrook_store_details_page:","4.6","2,490","https://www.google.com/maps/place/Total+Wine+%26+More/data=!4m7!3m6!1s0x8640cde99f0de3ab:0x8bc893819e323fc8!8m2!3d29.96615!4d-95.5432263!16s%2Fg%2F11cs60j9pb!19sChIJq-MNn-nNQIYRyD8ynoGTyIs"
"FRONTO Smoke Shop","2111 Spring Cypress Rd Suite #70, Spring, TX 77388","(832) 299-6688","https://www.leafly.com/cbd-store/fronto-smoke-shop","4.7","170","https://www.google.com/maps/place/FRONTO+Smoke+Shop/data=!4m7!3m6!1s0x864735a03ed1eeb1:0xcdba7d6cdfb85919!8m2!3d30.067192!4d-95.4491119!16s%2Fg%2F11n83_56wb!19sChIJse7RPqA1R4YRGVm432x9us0"
"BABA Smoke Shop, Vape Shop, THCA ,CBD , Hookah, Kratom,7ohmz, Kava, Premium Cigars,Tattoo supply","3410 Farm to Market 2920 50 Ste 50, Spring, TX 77388","(713) 389-5354","https://sites.google.com/view/baba-smoke-shop/about-us","4.9","163","https://www.google.com/maps/place/BABA+Smoke+Shop,+Vape+Shop,+THCA+,CBD+,+Hookah,+Kratom,7ohmz,+Kava,+Premium+Cigars,Tattoo+supply/data=!4m7!3m6!1s0x864733c6ffb13da3:0xa3b1a90dd5f75aba!8m2!3d30.0709388!4d-95.4699872!16s%2Fg%2F11qg9g34rk!19sChIJoz2x_8YzR4YRulr31Q2psaM"
"Mad Dog Smoke Shop 1960/Wortham Vape,Hookah,Glass, and CBD shop","12921 FM 1960, Houston, TX 77065","(281) 653-2209","https://www.facebook.com/Mad-Dog-2-Smoke-Shop-444708019068564/","4.7","335","https://www.google.com/maps/place/Mad+Dog+Smoke+Shop+1960%2FWortham+Vape,Hookah,Glass,+and+CBD+shop/data=!4m7!3m6!1s0x8640d10c0859235f:0x572d9023fafb2b2d!8m2!3d29.919297!4d-95.6094127!16s%2Fg%2F11bc73ptyb!19sChIJXyNZCAzRQIYRLSv7-iOQLVc"
"Pineapple Xpress Smoke Shop Jersey Village","11422 West Rd, Jersey Village, TX 77065","(832) 912-4443","https://jersey-village.pine-applexpress.com/","4.9","380","https://www.google.com/maps/place/Pineapple+Xpress+Smoke+Shop+Jersey+Village/data=!4m7!3m6!1s0x8640d1a508532e3f:0x81e293b48cdbcf5b!8m2!3d29.9075336!4d-95.5923928!16s%2Fg%2F11pwqr0jn1!19sChIJPy5TCKXRQIYRW8_bjLST4oE"
"Smoke Studio LLC - Smoke Shop and Vape Shop Products in Spring Texas","2150 Farm to Market 2920 Suite E, Spring, TX 77388","(346) 351-8035","","4.9","139","https://www.google.com/maps/place/Smoke+Studio+LLC+-+Smoke+Shop+and+Vape+Shop+Products+in+Spring+Texas/@30.0707704,-95.4489113,17z/data=!3m1!4b1!4m6!3m5!1s0x8647353b31c2d5e3:0x70961a94ad2e08b8!8m2!3d30.0707704!4d-95.4489113!16s%2Fg%2F11rmww9d6l"
"Smoke Therapy","9211 West Rd #141, Houston, TX 77064","(832) 604-6659","https://instagram.com/smoketherapy713","4.8","57","https://www.google.com/maps/place/Smoke+Therapy/data=!4m7!3m6!1s0x8640cfd2e50148e1:0x2be64c5dc99be0e5!8m2!3d29.9016611!4d-95.5531453!16s%2Fg%2F11b6t07_xv!19sChIJ4UgB5dLPQIYR5eCbyV1M5is"
"Smoke N More Smoke shop & Vape shop","1412 Spring Cypress Rd, Spring, TX 77373","(281) 288-5007","https://www.facebook.com/profile.php?id=61568664434822","4.6","264","https://www.google.com/maps/place/Smoke+N+More+Smoke+shop+%26+Vape+shop/data=!4m7!3m6!1s0x8647351dd4d87dc1:0x8508476f3a01f31d!8m2!3d30.0764422!4d-95.4336018!16s%2Fg%2F1vl9rww8!19sChIJwX3Y1B01R4YRHfMBOm9HCIU"
"HIGH KEY | SMOKE SHOP & VAPE SHOP HOUSTON TX | DELTA 8 | THCA | THCP | KRATOM | CBD | HOOKAH | GLASS PIPES","28301 TX-249BUS #500, Tomball, TX 77375","(832) 458-8525","","5.0","465","https://www.google.com/maps/place/HIGH+KEY+%7C+SMOKE+SHOP+%26+VAPE+SHOP+HOUSTON+TX+%7C+DELTA+8+%7C+THCA+%7C+THCP+%7C+KRATOM+%7C+CBD+%7C+HOOKAH+%7C+GLASS+PIPES/@30.0851527,-95.6322853,17z/data=!3m1!4b1!4m6!3m5!1s0x86472d053f981399:0xe7cfcf11e80d958b!8m2!3d30.0851527!4d-95.6322853!16s%2Fg%2F11kjj59pdj"
"Puffzilla Smoke Shop | CBD | VAPE | KRATOM | DELTA THC | HOOKAH | GLASS PIPES | CIGARS","810 E Louetta Rd Suite # 4, Spring, TX 77373","(832) 403-4886","","4.9","186","https://www.google.com/maps/place/Puffzilla+Smoke+Shop+%7C+CBD+%7C+VAPE+%7C+KRATOM+%7C+DELTA+THC+%7C+HOOKAH+%7C+GLASS+PIPES+%7C+CIGARS/@30.0715574,-95.4220547,17z/data=!3m1!4b1!4m6!3m5!1s0x864735b120e6b8cf:0x738d0747a770ea9a!8m2!3d30.0715574!4d-95.4220547!16s%2Fg%2F11snnhwv66"
"Bahama Mama 1960 Smoke Shop | VAPE | CBD | HOOKAH","12341 Farm to Market 1960 Rd W B, Houston, TX 77065","(281) 773-4847","https://bahama-mama.com/","4.9","618","https://www.google.com/maps/place/Bahama+Mama+1960+Smoke+Shop+%7C+VAPE+%7C+CBD+%7C+HOOKAH/data=!4m7!3m6!1s0x8640d1c1df0bcafb:0x2884e7f7cd656205!8m2!3d29.9233256!4d-95.6003601!16s%2Fg%2F11jsl1c6fp!19sChIJ-8oL38HRQIYRBWJlzffnhCg"
"Twisted Smoke Shop","8805 Jones Rd Suite A104, Jersey Village, TX 77065","(713) 471-1688","","4.7","122","https://www.google.com/maps/place/Twisted+Smoke+Shop/@29.9024193,-95.5851134,17z/data=!3m1!4b1!4m6!3m5!1s0x8640d1f5abf5da6d:0x7512216822cca646!8m2!3d29.9024193!4d-95.5851134!16s%2Fg%2F11rr_9rts8"
"Holy Smokes Vape & Smoke | Smoke Shop | Vape | Disposables | Delta 8 |","12123 West Rd Suite B, Jersey Village, TX 77065","(832) 688-9260","https://holysmokesstores.com/","4.9","305","https://www.google.com/maps/place/Holy+Smokes+Vape+%26+Smoke+%7C+Smoke+Shop+%7C+Vape+%7C+Disposables+%7C+Delta+8+%7C/data=!4m7!3m6!1s0x8640d16534a31ad9:0x1c3fcff267d347c7!8m2!3d29.9032682!4d-95.5953937!16s%2Fg%2F11fvb7__lk!19sChIJ2RqjNGXRQIYRx0fTZ_LPPxw"
"SS Smoke Shop","12121 Veterans Memorial Dr Ste 1B, Houston, TX 77067","","","5.0","2","https://www.google.com/maps/place/SS+Smoke+Shop/@29.9620897,-95.4809787,17z/data=!3m1!4b1!4m6!3m5!1s0x8640cdb7a7d838d3:0x6a11067ada1548f2!8m2!3d29.9620897!4d-95.4809787!16s%2Fg%2F11x1zg80mv"
"Smoker empire","12914 Farm to Market 1960 Rd W Suite F, Houston, TX 77065","(832) 912-4069","","4.8","127","https://www.google.com/maps/place/Smoker+empire/@29.9198048,-95.6108682,17z/data=!3m1!4b1!4m6!3m5!1s0x8640d1be97652841:0xc2214649aee5e5ee!8m2!3d29.9198048!4d-95.6108682!16s%2Fg%2F11j90fh949"
"Nice Dreams Smoke Vape","22948 Imperial Valley Dr, Houston, TX 77073","(281) 982-3182","","4.7","19","https://www.google.com/maps/place/Nice+Dreams+Smoke+Vape/@30.0300724,-95.4209152,17z/data=!3m1!4b1!4m6!3m5!1s0x8640cbbd1e34a9e7:0x2032cb54ba3ff0bc!8m2!3d30.0300724!4d-95.4209152!16s%2Fg%2F11shqkz313"
"Sound Revolution - MUSIC ● SKATE ● WEAR","21153 Tomball Pkwy, Houston, TX 77070","(832) 534-8066","https://www.soundrevolutionhtx.com/","4.7","488","https://www.google.com/maps/place/Sound+Revolution+-+MUSIC+%E2%97%8F+SKATE+%E2%97%8F+WEAR/data=!4m7!3m6!1s0x8640d28b162142c1:0x8e88611bb3674f53!8m2!3d29.9975896!4d-95.5820194!16s%2Fg%2F1pzwxqg_1!19sChIJwUIhFovSQIYRU09nsxthiI4"
"Puffmeister Smoke & Vape Shop","13831 Huffmeister Rd Suite C, Cypress, TX 77429","(832) 334-5379","https://www.facebook.com/profile.php?id=100094764019590","4.5","48","https://www.google.com/maps/place/Puffmeister+Smoke+%26+Vape+Shop/data=!4m7!3m6!1s0x8640d37c12f8c517:0x7338147127a63504!8m2!3d29.9694774!4d-95.6402926!16s%2Fg%2F11s17tlz03!19sChIJF8X4EnzTQIYRBDWmJ3EUOHM"
"Karma Smoke Shop & Daiquiris To Go - CBD, THC, VAPE, HOOKAH, TOBACCO, GLASS, PIPES,","9523 Antoine Dr, Houston, TX 77086","(832) 986-0490","","4.7","79","https://www.google.com/maps/place/Karma+Smoke+Shop+%26+Daiquiris+To+Go+-+CBD,+THC,+VAPE,+HOOKAH,+TOBACCO,+GLASS,+PIPES,/@29.9079104,-95.4807639,17z/data=!3m1!4b1!4m6!3m5!1s0x8640cffb8f8e84cd:0x3c4b0e38eef455f7!8m2!3d29.9079104!4d-95.4807639!16s%2Fg%2F11kqrlbpb1"
"DC Smoke Shop","357 Greens Rd, Houston, TX 77060","(832) 231-9569","https://www.instagram.com/dcsmokeshop1?igsh=c2k4c3Fsd2J5NDd5","4.2","101","https://www.google.com/maps/place/DC+Smoke+Shop/data=!4m7!3m6!1s0x8640c98851e41fcb:0x7d31e9dd2de6c4ef!8m2!3d29.9511938!4d-95.409219!16s%2Fg%2F11h3ftpyp1!19sChIJyx_kUYjJQIYR78TmLd3pMX0"
"SMOKEYDOKE Vape Smoke & Dispensary","5784 Bingle Rd, Houston, TX 77092","(832) 804-9490","https://smokeydoke.com/","4.7","548","https://www.google.com/maps/place/SMOKEYDOKE+Vape+Smoke+%26+Dispensary/data=!4m7!3m6!1s0x8640c5f00d2870fd:0xad21b1300ce06005!8m2!3d29.8499843!4d-95.4884677!16s%2Fg%2F11bwm6dy8p!19sChIJ_XAoDfDFQIYRBWDgDDCxIa0"
"Rock 'N Roll It","1969 W T C Jester Blvd, Houston, TX 77008","(713) 230-8535","https://rocknrollit.com/","4.7","590","https://www.google.com/maps/place/Rock+%27N+Roll+It/data=!4m7!3m6!1s0x8640c71c5f51db15:0x5e0a8eab3acc9c10!8m2!3d29.8019267!4d-95.4329341!16s%2Fg%2F1tk4rjvz!19sChIJFdtRXxzHQIYREJzMOquOCl4"
"SUPREME SMOKE OPEN 24 HOURS & VAPE & KRATOM & THC & HOOKAH & CIGARS & GLASS PIPES & CBD","435 Rayford Rd Suite #102, Spring, TX 77386","(346) 829-6814","","5.0","565","https://www.google.com/maps/place/SUPREME+SMOKE+OPEN+24+HOURS+%26+VAPE+%26+KRATOM+%26+THC+%26+HOOKAH+%26+CIGARS+%26+GLASS+PIPES+%26+CBD/@30.1276425,-95.4344039,17z/data=!3m1!4b1!4m6!3m5!1s0x8647356cb8a85e51:0x334a22a47b294e02!8m2!3d30.1276425!4d-95.4344039!16s%2Fg%2F11lywvtb8b"
"Good O Timez Smoke N Tattoo Supplies","719 W Mt Houston Rd, Houston, TX 77038","(832) 781-4414","","5.0","463","https://www.google.com/maps/place/Good+O+Timez+Smoke+N+Tattoo+Supplies/@29.8977919,-95.413458,17z/data=!3m1!4b1!4m6!3m5!1s0x8640c9542248aaed:0x5d620b9d1f75f829!8m2!3d29.8977919!4d-95.413458!16s%2Fg%2F11rdc3ndh7"
"MOONLIGHT SMOKE SHOP, VAPE, DELTA 8, CBD, KRATOM, 7OHMZ & TATTOO ACCESSORIES","26835 Cypresswood Dr, Spring, TX 77373","(281) 719-0519","","4.6","110","https://www.google.com/maps/place/MOONLIGHT+SMOKE+SHOP,+VAPE,+DELTA+8,+CBD,+KRATOM,+7OHMZ+%26+TATTOO+ACCESSORIES/@30.0623517,-95.3942194,17z/data=!3m1!4b1!4m6!3m5!1s0x8647356c8cd40847:0xfe9cf1e0014cc0f0!8m2!3d30.0623517!4d-95.3942194!16s%2Fg%2F11jfjhr0hw"
"Nefertiti Smoke Shop LLC","1439 W Mt Houston Rd, Houston, TX 77038","(832) 728-5014","","5.0","153","https://www.google.com/maps/place/Nefertiti+Smoke+Shop+LLC/@29.8974269,-95.4280524,17z/data=!3m1!4b1!4m6!3m5!1s0x8640c91bc9c1d7ff:0x752e3e558a4ee45e!8m2!3d29.8974269!4d-95.4280524!16s%2Fg%2F11pgtht47h"
"Greenhouse Smoke and Vape","9132 W Little York Rd, Houston, TX 77040","(346) 439-6212","","4.6","54","https://www.google.com/maps/place/Greenhouse+Smoke+and+Vape/@29.8691885,-95.5370601,17z/data=!3m1!4b1!4m6!3m5!1s0x8640cf76fe1ec6fd:0x97647704dfcd53ea!8m2!3d29.8691885!4d-95.5370601!16s%2Fg%2F11k4jjk19k"
"Vitrum smoke shop","8660 Hwy 6 N, Houston, TX 77095","(281) 815-5857","","4.8","463","https://www.google.com/maps/place/Vitrum+smoke+shop/@29.9050674,-95.6310045,17z/data=!3m1!4b1!4m6!3m5!1s0x8640d11c95b6ae77:0x7bcca9ab0a2cee0d!8m2!3d29.9050674!4d-95.6310045!16s%2Fg%2F11fsrz59rv"
"AK Smoke","7404 Fairbanks North Houston Rd, Houston, TX 77040","(713) 471-3567","http://ak.com/","4.8","45","https://www.google.com/maps/place/AK+Smoke/data=!4m7!3m6!1s0x8640cf087453c81d:0x33026ea8e6d63ae6!8m2!3d29.8832383!4d-95.52431!16s%2Fg%2F11jzqw2klz!19sChIJHchTdAjPQIYR5jrW5qhuAjM"
"290 SMOKE SHOP","17504 Northwest Fwy #700, Jersey Village, TX 77065","(713) 466-1195","","4.7","76","https://www.google.com/maps/place/290+SMOKE+SHOP/@29.8915587,-95.5847099,17z/data=!3m1!4b1!4m6!3m5!1s0x8640d0487abcc9ad:0x94849155e8e690bd!8m2!3d29.8915587!4d-95.5847099!16s%2Fg%2F1tpn2z2y"
"Discount Tobacco","10959 Cypress Creek Pkwy, Houston, TX 77070","(281) 890-6410","","4.2","223","https://www.google.com/maps/place/Discount+Tobacco/@29.9328297,-95.5842743,17z/data=!3m1!4b1!4m6!3m5!1s0x8640d193147894bb:0xf90d773d1cd2f840!8m2!3d29.9328297!4d-95.5842743!16s%2Fg%2F11b6_rlwwr"
"Space City Smoke Shop","8138 Antoine Dr, Houston, TX 77088","(281) 260-7164","","4.7","287","https://www.google.com/maps/place/Space+City+Smoke+Shop/@29.886878,-95.473438,17z/data=!3m1!4b1!4m6!3m5!1s0x8640c8cbb33ed307:0xbbda39dd4897b481!8m2!3d29.886878!4d-95.473438!16s%2Fg%2F1wrtd77q"
"STONER NINE SMOKE SHOP I FM 529 SPENCER PLAZA I Delta-8 I Cbd I Hookah I Vape I Vape Juice I","15301 FM 529 SUITE # 130, Houston, TX 77095","(281) 861-5318","","4.7","121","https://www.google.com/maps/place/STONER+NINE+SMOKE+SHOP+I+FM+529+SPENCER+PLAZA+I+Delta-8+I+Cbd+I+Hookah+I+Vape+I+Vape+Juice+I/@29.8786772,-95.638866,17z/data=!3m1!4b1!4m6!3m5!1s0x8640d100239ab371:0x4a79206db2d5a904!8m2!3d29.8786772!4d-95.638866!16s%2Fg%2F11vk2zgyx5"
"Cherry Smoke & Vapor & Hookah/E-Cig","7620 Cherry Park Dr Suite E, Houston, TX 77095","(832) 427-5606","","4.9","189","https://www.google.com/maps/place/Cherry+Smoke+%26+Vapor+%26+Hookah%2FE-Cig/@29.8898704,-95.6398391,17z/data=!3m1!4b1!4m6!3m5!1s0x8640d1678a2bdf83:0xf2623ec18d8c3589!8m2!3d29.8898704!4d-95.6398391!16s%2Fg%2F11rktkln67"
"Verde Planet // EADO Smoke n Vape","3016 Canal St, Houston, TX 77003","(713) 485-5814","http://verdepla.net/","4.7","180","https://www.google.com/maps/place/Verde+Planet+%2F%2F+EADO+Smoke+n+Vape/data=!4m7!3m6!1s0x8640bf3007b055a5:0xf7262dfb09aced62!8m2!3d29.754056!4d-95.340694!16s%2Fg%2F11h034lv5k!19sChIJpVWwBzC_QIYRYu2sCfstJvc"
"Pipes Gifts & More Inc","1736 W Mt Houston Rd, Houston, TX 77038","(281) 999-3033","","4.6","85","https://www.google.com/maps/place/Pipes+Gifts+%26+More+Inc/@29.8989361,-95.4287934,17z/data=!3m1!4b1!4m6!3m5!1s0x8640c85768c74c35:0x28501c2fd3ac39ae!8m2!3d29.8989361!4d-95.4287934!16s%2Fg%2F1tdm_x0p"
"Smoke shop","2343 FM 1960, Houston, TX 77073","(832) 640-3695","","4.2","18","https://www.google.com/maps/place/Smoke+shop/@30.0247059,-95.391971,17z/data=!3m1!4b1!4m6!3m5!1s0x8640b514981d5077:0xdd2506232f3363c5!8m2!3d30.0247059!4d-95.391971!16s%2Fg%2F11h6t8gtv5"
"Stuff N Puff Smoke Shop","7410 Fairbanks North Houston Rd Suite C, Houston, TX 77040","(832) 672-6664","","4.3","107","https://www.google.com/maps/place/Stuff+N+Puff+Smoke+Shop/@29.8816804,-95.5250947,17z/data=!3m1!4b1!4m6!3m5!1s0x8640cf98aa91b06b:0xae9340b9d39ced72!8m2!3d29.8816804!4d-95.5250947!16s%2Fg%2F11dxd_f2qx"
"Greenspoint Smoke Shop","416-B W Greens Rd, Houston, TX 77067","(281) 836-5224","","4.5","63","https://www.google.com/maps/place/Greenspoint+Smoke+Shop/@29.9496975,-95.4228392,17z/data=!3m1!4b1!4m6!3m5!1s0x8640c91bb9629f87:0x2ad1f2634504b40e!8m2!3d29.9496975!4d-95.4228392!16s%2Fg%2F11qpvxs5px"
"Purple haze smoke shop #3","2327 Farm to Market 1960 Rd E, Houston, TX 77073","(832) 640-3695","","4.3","14","https://www.google.com/maps/place/Purple+haze+smoke+shop+%233/@30.0247445,-95.3922057,17z/data=!3m1!4b1!4m6!3m5!1s0x8640cb7ff092e2cd:0x2acf4d34cdc70c85!8m2!3d30.0247445!4d-95.3922057!16s%2Fg%2F11n358q4gq"
"CELEBRITY EVENTS SMOKE SHOP & LOUNGE","6830 N Eldridge Pkwy Suite #508, Houston, TX 77041","(281) 220-9564","","4.7","276","https://www.google.com/maps/place/CELEBRITY+EVENTS+SMOKE+SHOP+%26+LOUNGE/@29.8759195,-95.6071147,17z/data=!3m1!4b1!4m6!3m5!1s0x8640d9c402f4a3df:0xcc7bb3c0bc1b0c2b!8m2!3d29.8759195!4d-95.6071147!16s%2Fg%2F11g0ft4_8j"
"Bahama Mama N Shepherd","1008 N Shepherd Dr, Houston, TX 77008","(346) 335-8986","http://www.bahama-mama.com/","4.9","336","https://www.google.com/maps/place/Bahama+Mama+N+Shepherd/data=!4m7!3m6!1s0x8640c7939e0f7277:0x83c4dde8d0506539!8m2!3d29.7890833!4d-95.4094689!16s%2Fg%2F11tn248xmr!19sChIJd3IPnpPHQIYROWVQ0OjdxIM"
"IAH SMOKE, VAPE, & HOOKAH","1435 Aldine Bender Rd, Houston, TX 77032","(951) 452-4157","https://instagram.com/iahsmoke?igshid=YmMyMTA2M2Y=","5.0","295","https://www.google.com/maps/place/IAH+SMOKE,+VAPE,+%26+HOOKAH/data=!4m7!3m6!1s0x8640b777dfd8dd4d:0xe97a668c1e4ece86!8m2!3d29.9329855!4d-95.3647089!16s%2Fg%2F11khnhf62v!19sChIJTd3Y33e3QIYRhs5OHoxmeuk"
"Bahama Mama Smoke Shop Sawdust | Vape | Tobacco | CBD | Delta THC | Kratom | Hookah | Disposables | Cigars","314 Sawdust Rd suite 102A, Spring, TX 77380","(281) 651-5013","","4.9","887","https://www.google.com/maps/place/Bahama+Mama+Smoke+Shop+Sawdust+%7C+Vape+%7C+Tobacco+%7C+CBD+%7C+Delta+THC+%7C+Kratom+%7C+Hookah+%7C+Disposables+%7C+Cigars/@30.127079,-95.447075,17z/data=!3m1!4b1!4m6!3m5!1s0x8647354a8cff8b37:0x5e8584d03574a88d!8m2!3d30.127079!4d-95.447075!16s%2Fg%2F11n8qmvtrz"
"HTown Smoke shop 3","318 Shepherd Dr, Houston, TX 77007","(713) 485-4656","","4.9","509","https://www.google.com/maps/place/HTown+Smoke+shop+3/@29.7659111,-95.4090496,17z/data=!3m1!4b1!4m6!3m5!1s0x8640c1b4c145647f:0xe83c277b6daa363a!8m2!3d29.7659111!4d-95.4090496!16s%2Fg%2F11sv0_g9hh"
"Pineapple Xpress Smoke Shop 6th Street","5930 Hwy 6 N, Houston, TX 77084","(281) 345-7850","http://6thstreet.pine-applexpress.com/","4.8","970","https://www.google.com/maps/place/Pineapple+Xpress+Smoke+Shop+6th+Street/data=!4m7!3m6!1s0x8640d0ad43aa9ecb:0x1f0b381ebc711c23!8m2!3d29.8648275!4d-95.6443521!16s%2Fg%2F11b7fwm65w!19sChIJy56qQ63QQIYRIxxxvB44Cx8"
"SMOKE GUYZ | THC VAPES | VAPES | CBD | KRATOM |","2768 W T C Jester Blvd, Houston, TX 77018","(346) 226-5261","http://smokeguyz.com/","5.0","219","https://www.google.com/maps/place/SMOKE+GUYZ+%7C+THC+VAPES+%7C+VAPES+%7C+CBD+%7C+KRATOM+%7C/data=!4m7!3m6!1s0x8640c700318f5631:0x9ead320f18b0baf0!8m2!3d29.8103692!4d-95.4434033!16s%2Fg%2F11lmhhq27_!19sChIJMVaPMQDHQIYR8LqwGA8yrZ4"
"SMOKE ALLEY","4620 Dacoma St, Houston, TX 77092","(713) 688-0600","http://smokealley.com/","4.9","868","https://www.google.com/maps/place/SMOKE+ALLEY/data=!4m7!3m6!1s0x8640c68cd73f76ed:0xf4fb7ed2f7dfa915!8m2!3d29.8071111!4d-95.4573408!16s%2Fg%2F12h_5vjgf!19sChIJ7XY_14zGQIYRFanf99J--_Q"
"Cali Vibes Smoke Shop","1302 Houston Ave Suite 200, Houston, TX 77007","(832) 834-3943","http://calivibessmokeshop.com/","4.8","297","https://www.google.com/maps/place/Cali+Vibes+Smoke+Shop/data=!4m7!3m6!1s0x8640bf44ae144abd:0x95237f8a545009!8m2!3d29.7703625!4d-95.3720901!16s%2Fg%2F11rn515vlm!19sChIJvUoUrkS_QIYRCVBUin8jlQA"
"Vape City","12121 Northwest Fwy, Houston, TX 77092","(832) 925-7842","https://vapecity.us/","4.5","291","https://www.google.com/maps/place/Vape+City/data=!4m7!3m6!1s0x8640c5d6e643e62f:0xeafe38fb55fcf7eb!8m2!3d29.8335386!4d-95.485152!16s%2Fg%2F11kz_k6q2z!19sChIJL-ZD5tbFQIYR6_f8Vfs4_uo"
"Green Smoke Vape & Tobacco","14121 Northwest Fwy F, Houston, TX 77040","(346) 664-9675","","4.6","147","https://www.google.com/maps/place/Green+Smoke+Vape+%26+Tobacco/@29.8591917,-95.525763,17z/data=!3m1!4b1!4m6!3m5!1s0x8640cf924fba24a3:0xe72f87bfa3760016!8m2!3d29.8591917!4d-95.525763!16s%2Fg%2F11gsdqtzbx"
"Mr Smoke (Delta 8, Vape, CBD, Kratom & Hookah)","10850 West Rd Suite 106, Houston, TX 77064","(773) 704-9631","","4.8","43","https://www.google.com/maps/place/Mr+Smoke+(Delta+8,+Vape,+CBD,+Kratom+%26+Hookah)/@29.9100819,-95.579656,17z/data=!3m1!4b1!4m6!3m5!1s0x8640d1b35274d40b:0x84b0d4399cdf46f1!8m2!3d29.9100819!4d-95.579656!16s%2Fg%2F11mw0rl545"
"Fantasy","1412 Westheimer Rd, Houston, TX 77006","(713) 526-9522","http://fantasy-gifts.com/","4.7","261","https://www.google.com/maps/place/Fantasy/data=!4m7!3m6!1s0x8640c09e6fd1b001:0xa2fd4e28a4b5d81b!8m2!3d29.743275!4d-95.3964749!16s%2Fg%2F1tg5ch5v!19sChIJAbDRb57AQIYRG9i1pChO_aI"
"Beltway 8 Smoke Shop","12425 John F Kennedy Blvd, Houston, TX 77039","(281) 826-4984","","4.5","18","https://www.google.com/maps/place/Beltway+8+Smoke+Shop/@29.9043553,-95.3328289,17z/data=!3m1!4b1!4m6!3m5!1s0x8640b7c6b1fbe63b:0xd27356e5e483a893!8m2!3d29.9043553!4d-95.3328289!16s%2Fg%2F11l22ss7g6"
"HTown Smoke Shop","722 W 19th St SUITE B, Houston, TX 77008","(281) 888-6328","","4.9","632","https://www.google.com/maps/place/HTown+Smoke+Shop/@29.8023917,-95.4106656,17z/data=!3m1!4b1!4m6!3m5!1s0x8640c70a7c42a7cf:0x6f9577792f625622!8m2!3d29.8023917!4d-95.4106656!16s%2Fg%2F11h0zfjqt8"
"Melting Leaf Cbd Hemp & Smoke","5706 Root Rd, Spring, TX 77389","(281) 323-4607","","4.5","11","https://www.google.com/maps/place/Melting+Leaf+Cbd+Hemp+%26+Smoke/@30.0974073,-95.5072389,17z/data=!3m1!4b1!4m6!3m5!1s0x864733a5ba072a79:0xf65c6de2611a64a9!8m2!3d30.0974073!4d-95.5072389!16s%2Fg%2F11qg2yldv9"
"Memorial Smoke & Vape","1333 Gessner Rd suite B, Houston, TX 77055","(713) 973-6418","","5.0","955","https://www.google.com/maps/place/Memorial+Smoke+%26+Vape/@29.7923455,-95.5450991,17z/data=!3m1!4b1!4m6!3m5!1s0x8640c541e3c649b7:0xd56ab824fb0255e5!8m2!3d29.7923455!4d-95.5450991!16s%2Fg%2F11h77tnpcg"
